<?xml version="1.0" encoding="utf-8" ?><dwsync><file name="222222_11x11_icon_arrows_leftright.gif" server="codylindley.com/domains/swip.codylindley.com/html/" local="3296244342" remote="166513347955" /><file name="222222_11x11_icon_arrows_updown.gif" server="codylindley.com/domains/swip.codylindley.com/html/" local="3296244342" remote="153628446068" /><file name="222222_11x11_icon_close.gif" server="codylindley.com/domains/swip.codylindley.com/html/" local="3296244342" remote="119268707700" /><file name="222222_11x11_icon_doc.gif" server="codylindley.com/domains/swip.codylindley.com/html/" local="3296244342" remote="110678773108" /><file name="222222_11x11_icon_folder_closed.gif" server="codylindley.com/domains/swip.codylindley.com/html/" local="3296244342" remote="153628446069" /><file name="222222_11x11_icon_folder_open.gif" server="codylindley.com/domains/swip.codylindley.com/html/" local="3296244342" remote="145038511477" /><file name="222222_11x11_icon_minus.gif" server="codylindley.com/domains/swip.codylindley.com/html/" local="3296244342" remote="119268707701" /><file name="222222_11x11_icon_plus.gif" server="codylindley.com/domains/swip.codylindley.com/html/" local="3296244342" remote="114973740405" /><file name="222222_11x11_icon_resize_se.gif" server="codylindley.com/domains/swip.codylindley.com/html/" local="3296244342" remote="136448576886" /><file name="222222_7x7_arrow_down.gif" server="codylindley.com/domains/swip.codylindley.com/html/" local="3296244342" remote="110678773110" /><file name="222222_7x7_arrow_left.gif" server="codylindley.com/domains/swip.codylindley.com/html/" local="3296244342" remote="110678773110" /><file name="222222_7x7_arrow_right.gif" server="codylindley.com/domains/swip.codylindley.com/html/" local="3296244342" remote="114973740407" /><file name="222222_7x7_arrow_up.gif" server="codylindley.com/domains/swip.codylindley.com/html/" local="3296244342" remote="102088838519" /><file name="454545_11x11_icon_arrows_leftright.gif" server="codylindley.com/domains/swip.codylindley.com/html/" local="3296244342" remote="166513347959" /><file name="454545_11x11_icon_arrows_updown.gif" server="codylindley.com/domains/swip.codylindley.com/html/" local="3296244342" remote="153628446071" /><file name="454545_11x11_icon_close.gif" server="codylindley.com/domains/swip.codylindley.com/html/" local="3296244342" remote="119268707704" /><file name="454545_11x11_icon_doc.gif" server="codylindley.com/domains/swip.codylindley.com/html/" local="3296244342" remote="110678773112" /><file name="454545_11x11_icon_folder_closed.gif" server="codylindley.com/domains/swip.codylindley.com/html/" local="3296244342" remote="153628446072" /><file name="454545_11x11_icon_folder_open.gif" server="codylindley.com/domains/swip.codylindley.com/html/" local="3296244342" remote="145038511481" /><file name="454545_11x11_icon_minus.gif" server="codylindley.com/domains/swip.codylindley.com/html/" local="3296244342" remote="119268707705" /><file name="454545_11x11_icon_plus.gif" server="codylindley.com/domains/swip.codylindley.com/html/" local="3296244342" remote="114973740409" /><file name="454545_7x7_arrow_down.gif" server="codylindley.com/domains/swip.codylindley.com/html/" local="3296244342" remote="110678773113" /><file name="454545_7x7_arrow_left.gif" server="codylindley.com/domains/swip.codylindley.com/html/" local="3296244342" remote="110678773114" /><file name="454545_7x7_arrow_right.gif" server="codylindley.com/domains/swip.codylindley.com/html/" local="3296244342" remote="114973740410" /><file name="454545_7x7_arrow_up.gif" server="codylindley.com/domains/swip.codylindley.com/html/" local="3296244342" remote="102088838522" /><file name="888888_11x11_icon_arrows_leftright.gif" server="codylindley.com/domains/swip.codylindley.com/html/" local="3296244342" remote="166513347963" /><file name="888888_11x11_icon_arrows_updown.gif" server="codylindley.com/domains/swip.codylindley.com/html/" local="3296244342" remote="153628446075" /><file name="888888_11x11_icon_close.gif" server="codylindley.com/domains/swip.codylindley.com/html/" local="3296244342" remote="119268707707" /><file name="888888_11x11_icon_doc.gif" server="codylindley.com/domains/swip.codylindley.com/html/" local="3296244342" remote="110678773116" /><file name="888888_11x11_icon_folder_closed.gif" server="codylindley.com/domains/swip.codylindley.com/html/" local="3296244342" remote="153628446076" /><file name="888888_11x11_icon_folder_open.gif" server="codylindley.com/domains/swip.codylindley.com/html/" local="3296244342" remote="145038511484" /><file name="888888_11x11_icon_minus.gif" server="codylindley.com/domains/swip.codylindley.com/html/" local="3296244342" remote="119268707709" /><file name="888888_11x11_icon_plus.gif" server="codylindley.com/domains/swip.codylindley.com/html/" local="3296244342" remote="114973740413" /><file name="888888_7x7_arrow_down.gif" server="codylindley.com/domains/swip.codylindley.com/html/" local="3296244342" remote="110678773117" /><file name="888888_7x7_arrow_left.gif" server="codylindley.com/domains/swip.codylindley.com/html/" local="3296244342" remote="110678773118" /><file name="888888_7x7_arrow_right.gif" server="codylindley.com/domains/swip.codylindley.com/html/" local="3296244342" remote="114973740414" /><file name="888888_7x7_arrow_up.gif" server="codylindley.com/domains/swip.codylindley.com/html/" local="3296244342" remote="102088838526" /><file name="dadada_40x100_textures_02_glass_75.png" server="codylindley.com/domains/swip.codylindley.com/html/" local="3296244342" remote="166513347966" /><file name="e6e6e6_40x100_textures_02_glass_75.png" server="codylindley.com/domains/swip.codylindley.com/html/" local="3296244342" remote="166513347967" /><file name="ffffff_40x100_textures_02_glass_65.png" server="codylindley.com/domains/swip.codylindley.com/html/" local="3296244342" remote="166513347967" /></dwsync>